Id,PhoneNumber,SecondName,OrderTime
307,01123147789,Martin,"2017-01-01 08:02:11"
308,01123439899,Law,"2017-01-01 08:05:16"
206,01123439899,Law,"2017-01-01 08:05:16"
309,NULL,Johnson,"2017-01-01 08:44:34"
207,NULL,Johnson,"2017-01-01 08:44:34"
208,NULL,Williams,"2017-01-01 09:20:02"
310,NULL,Williams,"2017-01-01 09:20:02"
311,01173456782,Bluth,"2017-01-01 11:51:56"
209,01173456782,Bluth,"2017-01-01 11:51:56"
210,NULL,NULL,"2017-01-01 13:07:10"
